{"cameraMode":{"drawMode":0,"name":"Shaded","section":"Shading Mode"},"sceneLighting":true,"audioPlay":false,"sceneViewState":{"m_AlwaysRefresh":false,"showFog":true,"showSkybox":true,"showFlares":true,"showImageEffects":true,"showParticleSystems":true,"showVisualEffectGraphs":true,"m_FxEnabled":true},"in2DMode":false,"pivot":{"x":10.845577239990235,"y":7.714714050292969,"z":17.255687713623048},"rotation":{"x":0.03205690160393715,"y":0.009270831942558289,"z":-0.00028689648024737835,"w":0.9994518756866455},"size":16.880435943603517,"orthographic":false}